"Lê Kang","711709489019196","",""
"Nghi Nguyễn","287474025095726","",""
"Thọ Đại Úy","1268404743284946","",""
"Ty Hon","874693972665299","",""
"Trần Quân","373020013162923","","baingoaipro@gmail.com:0.200000"
"Phước Hồ Hữu","1118373724959088","",""
"Song Lam","1823793110968267","","songlam1001@yahoo.com:0.750000"
"Thanhniên Hailẻ Mườihai","931026230383530","","nkduc1989@gmail.com:1.000000"
"Cheng Leo","2031823433704566","","yongkulno@gmail.com:1.000000"
"Ken NgỐk","623191104538419","",""
"Nguyễn Khoa","925504127606014","","nguyenvietkhoaag5591@gmail.com:1.000000"
"阮成功","967934993345186","",""
"Nguyễn Kiều Diễm","1956941217964271","01245856667:1.000000","huynhben17@gmail.com:0.500000"
"Vu","919797938173027","","levukrb@gmail.com:1.000000"
"Hưng Lê","1510887255693656","","lehung52@ovi.com:1.000000"
"Huynh Quoc Huy","1795546227381946","","bestboycld@gmail.com:0.900000"
"Quang Tuấn","1487960464653425","","lovelove_baybay@yahoo.com:1.000000"
"Kiều Hiền","1704166136308579","",""
"Nguyễn Thành Công","1056728827793366","","nguyenthanhcongtkhd@gmail.com:1.000000, goiemlanoinho@gmail.com:1.000000"
"Đơn Phương","706423839539588","",""
"Siêucầuthủ Fckd","680354502167122","","hoangdung1994@gmail.com:0.250000, hoangdungks1994@gmail.com:0.750000"
"Phạmm Ngọcc TTạo","372397006534747","",""
"Vũ Đệ","1988860388063859","",""
"Le Truong","557835021244434","",""
"Tiebdat Bui","375774876180064","",""
"Hoang Ninh","2416731635218033","",""
"Hồ Minh Hoàng","1554735444618218","",""
"Nước Mắt Chàng Khờ","960085594126026","",""
"Lê Võ Ngọc Hân","303982036772270","",""
"Tử Thần Đen Tối","333547597114766","","thiensat1192@gmail.com:1.000000"
"Nguyễn Hải Đăng","885076064984462","","hienlong.thaiphuong@gmail.com:1.000000"
"Nguyễn Hồ Tây","1983595381897410","","nguyenhotay1611991@gmail.com:1.000000"
"Hồ Ngọc Huy","1950967175228409","","huyhn3009@gmail.com:1.000000"
"Việt Nguyễn","1779001065506602","","kecodon_timnguoicoquanh@yahoo.com:0.363636, anhchang_banluudan@yahoo.com:0.363636, anhchangbanluudan@gmail.com:0.272727"
"Thanh Hương","509783466059792","",""
"Minh Minh Nhut","1798552543769888","",""
"Ba Tô","1984288558515852","","dinhthao91@gmail.com:0.666667"
"Hoàng Trung","1275706255806377","0947428549:0.010870",""
"Minh Tiến","497982043901825","",""
"Nguyen Hoang","536556923348077","",""
"Đăng Lực","1607412372706060","",""
"Say Rồi","777511382436419","",""
"Trung Le","985740948230409","","trungbieu113@yahoo.com.vn:1.000000"
"منصور عمار","732236880302599","",""
"Anh Nguyen","159152054831895","",""
"Bo Bựa's","648488735538794","",""
"Nguyễn Văn Thật","765410223645371","",""
"Giải Đạo Nhân","1097826463687269","","cancer.stupid.luvu@gmail.com:1.000000"
"Dương Nam","185368421936844","",""
"Vulong Pham","553310351684553","",""
"Cô'sS Độc'sS","397664287236575","",""
"Trung Hoàng","1977740015834549","","doantrunghoang87@gmail.com:1.000000"
"Lê Ngọc Hân","937310113110733","","lengochan0912@gmail.com:0.090909"
"Tùng Nguyễn","971304513011445","0967963081:1.000000",""
"Giao Long","351465271920847","",""
"Đức Huy","733011993570560","","maxskill115@yahoo.com:1.000000"
"Phan Loc","341437199602713","","phanphucloc2002@gmail.com:1.000000"
"","1627273187573085","",""
"Superđảodừa Đăng","880761835414835","","superdaoduadang@gmail.com:1.000000"
"Văn Cường","691688927703733","",""
"Nguyễn Phú","597099857156411","",""
"Linh Nguyễn","198180410755010","",""
"Quỷ Cóc Tien Sinh","304109460102819","","viettientran@yahoo.com:0.250000"
"Tuấn Anh Hồ","698932553645638","",""
"Ngoai Gia Thu Thai","447979108930882","",""
"Nguyễn Trần Ân","130128427676822","",""
"Phong Lan Tím","1931562190505103","","juno5939@gmail.com:0.833333"
"Trần Minh Trường","701865633323209","",""
"Nguyên Vũ","593670674309104","",""
"Nguyễn Hữu Hùng","430394837131267","","phulangno1@gmail.com:0.500000"
"Anh Duy","1875463172723734","",""
"Nam Nguyen","1908163052833817","","nguyenhoangnam464@gmail.com:1.000000"
"Toànk","535059603496589","","khactoan240@gmail.com:0.200000"
"Trần Thanh Liêm","140006320098072","","mephimso15@gmail.com:1.000000"
"Phạm Anh Tuấn","557845981216841","",""
"Minh Trong Nguye","748783935289578","",""
"Lương Tiến Đức","1460160074101514","",""
"","1654358051531265","",""
"Duy Duy","670953476626840","","sasuke96tb@gmail.com:1.000000"
"Anh Xin Lỗi Em","2394041437488751","","anhxinloiem9988@gmail.com:0.666667, anhxinloiem9998@gmail.com:0.333333"
"Anh Vũ","1176862015781070","","anhvutran371@gmail.com:1.000000"
"Ai Rồi Cũng Khác","747229905462892","",""
"Viet Hai Nguyen","2192462004314260","","nguyenviethaihp2007@gmail.com:1.000000"
"Đỗ Tú","149996165730000","","hoangtunganh30082001@gmail.com:0.500000, sibattreo261995@gmail.com:0.500000"
"Việt Quân","1385535134890872","","vquan141288@gmail.com:1.000000"
"Ly Cô Đơn","1710399412366306","","nguyenxuanly2014@gmail.com:1.000000"
"Vũ Văn Việt","863633313804077","","hoangvietadora@gmail.com:1.000000"
"Lưu Thế Dương","1764653967164736","",""
"Linh Pham","241060046350212","01223410209:0.500000","truongpham123121@gmail.com:0.500000"
"Đinh Quân","1163469130452466","",""
"Liên Vũ","259405391254382","","nhule.161198@gmail.com:0.250000"
"Huta Quang","925247770971963","","hauhuta@gmail.com:1.000000"
"Thanh Niên Hoy","558773107793712","","aiemlaai@yahoo.com:1.000000"
"Dòng Đời Xô Đẩy","1190149514449827","","ngochoang284@gmail.com:0.090909"
"Máu Chảy Về Tim","943899132433046","0946484851:1.0","huynhan0946484851@gmail.com:1.000000"
"Nguyễn Văn Huy","856689874479603","","yukihuy1996@gmail.com:1.000000"
"Nam Thiên Vương","513234212378085","","vuonghainam456@gmail.com:1.000000"
"Loc Le","1728310770521555","","lebaloc1982@gmail.com:1.000000"
"Huỳnh Chánh","1103756746427939","",""
"Duy VinhhyDiscovery","1965287830411443","","phuduylaodai@gmail.com:1.000000"
"Hải","1110052215804538","","haiokio7@gmail.com:1.000000"
"Tong Hoang","863775273790510","","tongphuochoang2010@yahoo.com:1.000000"
"Lý Tưởng","1935252676792859","",""
"Tuân Tay Teo","889682471187354","","phamtuanhp69@gmail.com:1.000000"
"Phuc Luong","2025522807692105","",""
"Duy Đông Trần","1681632035470533","",""
"Nguyễn Hữu Hùng","616910101813072","","anhhung20pl@gmail.com:0.500000, email.anhhung20pl@gmail.com:0.500000"
"Hắc Bạch Song Ngư","502221730143008","","votin050395@gmail.com:1.000000"
"Trần Đông","500963666940928","",""
"Trần Phương","537797183228447","",""
"Nguyễn Viết Huệ","280657045720913","",""
"Nông Văn Sơn","1144357342350978","",""
"Quang Cong","884932148343258","","luckyboy21787@gmail.com:1.000000"
"Hải Đăng","1976714125917397","",""
"Tuyệt Vô Thần","514270705609533","","quybao80@gmail.com:1.000000"
"Phúc Tống","140213473416622","","mrphuc1010@gmail.com:1.000000"
"Hòa Man","1528968957193204","",""
"Nguyễn Văn Đoàn","1978939989014585","","90styloveone@gmail.com:1.000000"
"Het Nguyen","1807891582836398","","nguyenhet.cacd@gmail.com:1.000000"
"Thanh Tùy Nguyễn","1595801303868091","","thanhtuy2005@gmail.com:1.000000"
"Kyo Trần","421659754915192","","babykumi4@gmail.com:1.000000"
"Phan Đức","513951335637499","",""
"Banvexo Lun","1816045562017739","",""
"Hoàng Tử","312091362607469","","dangdai250895@gmail.com:1.000000"
"Ha Pham","1489139694534339","","phamthanha@gmail.com:1.000000"
"Đặng Đại","2040252966209234","",""
"Phạm Tân","231468540635078","",""
"Phạm Văn Luân","744062089136754","","pluan127@gmail.com:1.000000"
"Long Cong Đuôi","2010610665891427","",""
"Huy Hoàng","915990198559042","","iam.wonder97@gmail.com:0.666667"
"Linh Nguyen","2063357187216470","","linhcute22222@gmail.com:1.000000"
"Trân Gay","2306356339631156","",""
"Lê Minh","827006774146292","","minhxoan.dn@gmail.com:1.000000"
"Chinh Tran","493391891000620","",""
"Tài Hồ","1815783585354488","",""
"Lê Thế Tài","508148012889241","",""
"Tiên Sinh Cao","153445555407294","","caotuannho@gmail.com:0.200000"
"Mì Tôm Chua Cay","2134978293396560","",""
"Lam Truong","348163425647162","","nguyenthanhvu8019@gmail.com:0.166667, nguyenthanhlong8019@gmail.com:0.444444"
"Phi Hong Hoang","581081248745413","","hoangkhang207@yahoo.com.vn:1.000000"
"Ngọc Luân","208245066341113","01652524638:1.000000",""
"Vương Đình Chánh","128998851059517","","vuongdinhchanh@gmail.com:0.833333"
"Sơn Nguyễn","827536250766689","",""
"ÇâĽl Mệ ǷLệậsệ","454352401627878","",""
"Thuong Tien Truong","281545308959725","","tienthuong625@hotmail.com:1.000000"
"Nguyên Thanh","883624818472087","","daicamt5@gmail.com:0.750000"
"Văn Công Tiến","1554034188027681","",""
"Huu Tai Luong","1929565864036433","",""
"Nguyễn Văn Việt","347606779036897","01636017057:1.0",""
"Huỳnh Lâm","550410518634716","",""
"HP Trịnh Quang Chung","825990514240346","","hanhphucnhe_em_hp1990@yahoo.com:1.000000"
"Đức Tuấn Nguyễn","900948266723503","",""
"Nguyễn Huy","134243494020856","","evillhanam@gmail.com:1.000000"
"Tâm Trạng Bé Cậu","244586355977186","","tungskl28@gmail.com:1.0"
"Trường Nguyễn","2026246004300599","","nguyentruong111277@mail.com:0.500000, nguyentruong111277@gmail.com:0.500000"
"하떼두안","306205959879361","",""
"Tô Cường","1742129812472574","","tocuongxda@gmail.com:1.000000"
"Tam Duc","262572224270528","","doductam9999@gmail.com:1.000000"
"Quyên Kim","1470846236363304","","chequangnguyen@gmail.com:1.000000"
"Nguyễn Viết Huy Hoàng","1513643408717364","",""
"Lý Hoàng","1986185661621893","","lyhaihoang6@gmail.com:0.666667, lyhaihoang@live.com:0.333333"
"Đức Thi","143486649574233","","nguyenvanthehb2016@live.com:0.833333"
"Trần Đức Anh","694089597467774","","ducanhk46dt04@gmail.com:1.000000"
"Bảo Nguyên","868638999964856","","ductri.buuquang@gmail.com:1.000000"
"Sói Sa Mạc","426716327659968","","gunvolf@gmail.com:0.500000, suthitruyenki@gmail.com:0.166667"
"Trần Thanh Bạch","1618844688177734","","tranthanhbach.1978@gmail.com:1.000000"
"Vũ Ngọc Long","1978513509057620","","longphi02091987@gmail.com:1.000000"
"Thanh Sang Ha","2037062899861644","",""
"Cậu Nếp","817085925130758","","hoavang958@gmail.com:1.000000"
"Phạm Văn Thành","550477741965794","","thanhpham.439312@gmail.com:1.000000"
"Hoang Viet Cuong","1973899306161510","",""
"Hồ Ly Roses","319041625242745","",""
"Luong Tuan","1689738517991037","","tuanlong1009@gmail.com:0.166667"
"Vũ Hoàng Long","1961264810790870","",""
"Xưởng May Phương Thảo","264259534029515","0934475515:1.718213058419244E-4, 0944743897:0.20945369892741775",""
"Trần Song Hiếu","1663045150382713","","songhieutran@yahoo.com:0.500000, songhieutran@gmail.com:0.500000"
"Ngọc Hải Phạm","558019451213467","","phamngochaintu@gmail.com:0.500000, phamngochaintu88@gmail.com:0.500000"
"Nguyễn Son","640163923012961","","0123songoku123@gmail.com:1.000000"
"Tim Băng","1759537691009487","",""
"Nguyet Nguyet","547399605612070","",""
"Nguyễn Ngọc Thanh Sang","356764111415843","",""
"Nguyen Duc Cong","1890188261000868","","taituvodanh_89@yahoo.com.vn:1.000000"
"Phúc Khang An","1902492370000984","","ducthinhmt90@gmail.com:1.000000"
"Tiến Đạt Dương","2013684455543836","","datduong290499@gmail.com:1.000000"
"Vantu Nguyen","367137683746073","",""
"Độc Cô Thần","527538107581941","","phungt1987@gmail.com:1.000000"
"Huy Dang","1930065247245370","",""
"Bạch Dương Cưu","1985405468409790","","tranlai.lego@gmail.com:1.000000"
"Song Juõn Qing","1771886593125311","",""
"Phạm Anh Trung","822733944578610","",""
"Nhattu Le","530826467271825","","nhattule1@yahoo.com:1.000000"
"Võ Thanh Hiệp","890579721111391","","hieppct3@gmail.com:0.125000, thanhbao5512@gmail.com:0.500000"
"Linhtuan Chenguyen","582851915233110","",""
"Thái Dương","2022507781369574","",""
"Hước Hài Hiếu","2180671722160001","","hieusuong1994@gmail.com:1.000000"
"Nguyễn Đông","583010108697222","","donghe090@yahoo.com.vn:1.000000"
"Văn Chương","148604315896268","","boycodon109x@gmail.com:1.000000"
"Không Có Tên","849363735237366","","muasaobang_thhn@yahoo.com:0.666667, lenhothiepzz@gmail.com:0.111111"
"Huấn Nguyễn","275687232842317","","huan123111@gmail.com:1.000000"
"Nguyễn Win","1284047948408154","0987337811:0.200000","win.ntdh@gmail.com:1.000000"
"Hưng Lê","1845830452111866","","huuhungsp@gmail.com:1.000000"
"Tú Đại Ka","1882920548684634","",""
"Đinh Cường","1651015581585788","","dinhcuongtvt@gmail.com:1.000000"
"Tâm Tiến Tới","142751039710665","","tamtieutu1024@gmail.com:1.000000"
"Nguyen Nam","733499146825044","",""
"Kent Nguyen","970298863103163","",""
"Cuong Mai","773737919471753","",""
"Đỗ Mạnh Tuấn","1854632074770843","",""
"Phạm Chinh","1847443922178739","01223410209:0.500000","linhlinhpham123121@gmail.com:0.250000, linhlinhpham123121@gmail.com:0.500000, quocminhphan214@gmail.com:0.250000"
"Huy Nguyen","1847745872174792","","duonghaivui123@gmail.com:1.000000"
"Quang Nguyen","2484194228385804","","nguyenanquang31096@gmail.com:1.000000"
"Thái An","364244457320755","","daongoclong378@gmail.com:1.000000"
"Bảo Huy","2087836371439145","",""
"Sieu Tat","1508081039210114","","deptrai_maquay1985@yahoo.com:1.000000"
"Dat Nguyen","381174962263392","",""
"Vương Đình Chánh","986912098113890","","vuongdinhchanh@gmail.com:0.166667"
"Tuấn Vũ","1590614077650925","",""
"Phương Nam","368077110317374","",""
"Nguyễn Văn Tùng","223951414681206","",""
"Huy Quang Huỳnh","1889863174663072","","hqhuy@gamil.com:1.000000"
"Tiên Trần","1677628672258251","","viettientran@yahoo.com:0.750000"
"Nguyễn Lê Phan","1962819060606897","",""
"Hữu Văn","465663590494918","","s2huyen96@gmail.com:0.333333"
"Hờ Oan Hoan","520474818333075","","nvhhoan1511@gmail.com:1.000000"
"Vũ Minh ThAnh","495375827502168","","vmthd88@gmail.com:0.833333, tphd1988@gmail.com:0.166667"
"Trần Nhật Duy","156910501450780","",""
"Nghia Dang","759532854236530","",""
"Cà Pháo","314752402344101","",""
"Linh Nguyen","298501187329776","","hoailinh197786@yahoo.com.vn:1.000000"
"Nghĩa Trọng","1981559755457711","","hatinh1608@gmail.com:1.000000"
"Nhiếp Phong","150915042330894","","mahoakylan@gmail.com:1.000000"
"Nguyễn Thúy Huyền","262158604205028","",""
"Thành Truong","305664119918871","","tuandenk@yahoo.com.vn:0.500000, tuanden06031980@gmail.com:0.500000"
"Thanh Lê","534174946920443","","thotran01_thotran@yahoo.com:1.000000"
"Phươnq Libra's","369209980193497","",""
"Tường","1811564645790276","",""
"Loc Nguyen","2036457063255308","","1ronaldoloc05@gmail.com:0.666667"
"Huỳnh Long","755288327998186","","huynhngoctieulong@gmail.com:1.000000"
"Lý Bình Thuận","700595320130784","",""
"Vu Ha Pham","1984209295134759","","vuhakhungbentre@gmail.com:1.000000"
"Nguyen van Dang","302542120248121","","ngovandan1704@gmail.com:1.000000"
"Công Minh","1449211765194492","","doomzett@gmail.com:1.000000"
"Hoàng Nghĩa","447105352352660","","cuncoiham1997@gmail.com:0.833333"
"Duyên Mýt","1926118084375665","","nguyenhanhduyen101094@gmail.com:1.000000"
"Tam Duc","108872176307201","",""
"Tri Thiên Pham","1937186313267821","","baobungbu2015@gmail.com:1.000000"
"Du Trần","140749753355678","",""
"Hải Đăng","537426763278892","",""
"Quangnam Pham","774986809335999","",""
"Rùa Ngáo Đá","2388457518046551","",""
"Bạch Dương","2037334953209682","","luongtranky99@gmail.com:1.000000"
"Trung Thương","1172595949537958","",""
"Bùi Văn Đô","2044339802466902","","ngaostone47@gmail.com:1.000000"
"Thế Đủ Rồi","1854320151547818","",""
"Hồ Sỹ Hiếu","1495162743912400","",""
"LêLé LêLé","1928304107435166","",""
"Nguyễn Du","429503354052650","",""
"Đạt","1963993993925074","","dat_costa@yahoo.com.vn:1.000000"
"Vu Lien","250119988851551","","lethihuynhnhu1516@gmail.com:0.500000"
"Lang Tư Miền Bắc","1981978805362594","",""
"Ông Trùm","353019195168991","","loi02081998@gmail.com:1.000000"
"Hoang Quoc Trung","10207974185871693","0978522182:1.0",""
"Hung Quang Nguyen","10211237412077846","","hungnguyen1108@gmail.com:1.000000"
"‍‍‍‍‍‍‍‍‍‍‍‍‍‍‍‍‍‍‍‍‍‍‍‍‍‍‍‍‍‍‍‍‍‍‍‍‍‍‍‍‍‍‍‍‍‍‍‍‍‍‍‍‍‍‍‍‍‍‍‍‍‍‍‍‍‍‍‍‍‍‍‍‍‍‍‍‍‍‍‍‍‍‍‍‍‍‍‍‍‍‍‍‍‍‍‍‍‍‍‍‍‍‍‍‍‍‍‍‍‍‍‍‍‍‍‍‍‍‍‍‍‍‍‍‍‍‍‍‍‍‍‍‍‍‍‍‍‍‍‍‍‍‍‍‍‍‍‍‍‍‍‍‍‍‍‍‍‍‍‍‍‍‍‍‍‍‍‍‍‍","333487413793190","",""
"No Master","1174882145956292","",""
"Hung Nguyrn","371925239918895","",""
"Bong Chip","146583372663921","","httbtbb@gmail.com:1.000000"
"Trần Quân","1924699757846078","","baingoaipro@gmail.com:0.800000"
"Đăng Lộc","896879900478503","","dinhdangloc100889@gmail.com:1.000000"
"Việt Nam","826566790846480","",""
"Tran Thah","317838088701160","",""
"Vu Nguyen","1955543461374751","",""
"Hieungok Pro","897588840400464","",""
"Hoàng Huân","1910402115947061","",""
"Libra Hương Trần","1642174105842956","0938874629:1.000000",""
"Nguyễn Thanh Long","1456782231102571","","ntlong.na@gmail.com:1.000000"
"Thien Nguyen","141653979821489","",""
"Thành Nguyễn","1162947487174499","","nguyenvanthanh050589@gmail.com:1.000000"
"Luong Dung","927421087406306","",""
"Bình An","716268131910397","","mivnto@gmail.com:1.000000"
"Đặng Chi Lăng","868921019933809","","langquynh2016@gmail.com:0.500000, langquynh2014@gmail.com:0.500000"
"Nguyễn Tùng","324631874665742","",""
"Heejin Nguyễn","1814604055498692","",""
"Sieu Chuoi","1849513085379214","","luonghung19@gmail.com:1.000000"
"Nakani Supernovas","1837399963184280","",""
"ĐứcThu Thi","390616688041561","","nguyenvanthehb2016@live.com:0.166667"
"Lê Đình Phương","755753267911294","0988573480:0.166667",""
"Hoài Nam","990036954467541","",""
"Thanh Thanh","767833413403558","","thanh.bktv@gmail.com:1.000000"
"Nguyễn Kiều Ánh Nguyệt","2015464648697331","",""
"Mạnh Nguyễn Vn","1497044610402885","",""
"Trần Tùng","410349072661475","",""
"Chiu Phu","405902563159578","","kiemthanhudanh@gmail.com:1.000000"
"Thanh Lee","678905325646452","","nguoicodon_hl1988@yahoo.com.vn:1.000000"
"Bé Nhỏ","659190307604874","",""
"Chuột's Mickey's","252830031821494","",""
"Nguyễn Thanh Hào","2035098870061104","","nguyenthanhhao10121995@gmail.com:1.000000"
"Thông Lê","1864475897200263","",""
"Nguyen Hoang Vu","1938405899705137","","hoangvucafe123@gmail.com:1.000000"
"Hùng Lý","151235295598095","",""
"Dung Ngã","878769038972300","","ngayxuaoi82@gmail.com:1.000000"
"Đoàn Văn Tuân","1834617540124003","",""
"Chí Nguyễn","923886447766456","","zzskullknightzz@gmail.com:0.833333"
"Thân Trọng Đức","1360289994081089","","thantrongduc2504@gmail.com:0.500000"
"Vận Mệnh","1945659365683934","","huythjeugja1000@gmail.com:1.000000"
"Xin Trả Lại T.Gian","681910741989742","",""
"Lê Pham","1995598107389280","","phamnhathuan123@gmail.com:1.000000"
"Huỳnh Hiểu Huy","1796418483961709","",""
"La Minh Tuyền","1215320848559977","","latuyen10@gmail.com:1.000000"
"Tan Vào Gió","699019156935914","01663116384:1.000000",""
"Nguyễn Chi Dân","118532192277068","","nguyensontung1602@gmail.com:1.000000"
"Lam Lai Tu Dau","715039028690150","","tonyseven02@gmail.com:1.000000"
"Lam Thien Tran","1856127821366657","",""
"Linh Vi Ngọc","829400410574800","",""
"Ngọn Đồi Có Gió","911164679034371","","aptimus333@gmail.com:1.000000"
"Khánh Văn BN","1964827480508711","",""
"Viết Triển","2024590067774665","",""
"Thiep Ro Da","1665105157116151","",""
"Nguyễn Hữu Chung","187640351711399","",""
"Dau Pu Nhut","1040730239401314","",""
"Nguyễn Như","548345355512914","","nhunguyen231997@gmail.com:1.000000"
"Phạm Tân","372559319859332","","pdt92s@gmail.com:1.000000"
"Luân Cát Đinh","1533332683426080","",""
"Lee Lê","144451139650534","","windyahn07@gmail.com:0.500000"
"Lưu Huy","1943997999253665","","tranthilinh121188@gmail.com:1.000000"
"Tommy Nguyễn","1470633019650913","","vanhungth19@gmail.com:1.000000"
"Đào Việt Hùng","559172257601957","",""
"An Hà","407033099664286","",""
"Leo Quan","1002082439922716","","quanleo6487@gmail.com:1.000000"
"Viet Nguyen","1288339704617704","","vietlaogia255@gmail.com:0.750000, nguyenviet6700@gmail.com:0.250000"
"Kien Ngo","2019576641618096","",""
"Tran Phuc","715509988653432","",""
"Pham Thanh Trung","1192532040891471","","phamtrung2910cp@gmail.com:1.000000"
"Halleluja Maurain","720389291457916","",""
"Cao Tiên Sinh","233022500566625","","caotuannho@gmail.com:0.200000"
"Thit Kho Tau","1571808372875597","","son.nm27@gmail.com:1.000000"
"Manh Cuong Nguyen","881783771979993","","12phucuong12@gmail.com:0.800000"
"Nguyễn Trí","853263284837623","","tritrang7@gmail.com:1.000000"
"Tèo Đại","1889598288035276","",""
"Nguyễn Xuân Hướng","945029312317461","",""
"Trung Hương","669508656588682","","quachtoantrung@gmail.com:0.500000"
"Trương Tài Phú","2260163377334561","",""
"Le Na","1992798710955952","","cong.kd.anhduc@gmail.com:1.000000"
"Doan Nguyễn","544387615914343","","boitram2403@gmail.com:1.000000"
"Ông Tướng","727620364058616","",""
"Vũ Đình Phước","178979216015245","",""
"Thiện Nguyễn","10208816718575544","","quangthien.1994@gmail.com:1.000000"
"Huynh Thanh Tuu","1166130933517396","",""
"Hoàn Xạo Lìn","258161348043828","","dattq2k@gmail.com:1.000000"
"Duc Les Cao","1979227565695022","","napro@gmail.com:1.000000"
"Phiêu Phong","1866634123655592","","minhluan3650@gmail.com:0.666667"
"Danh Hàn","858027071024247","","kysibongtoi96@gmail.com:1.000000"
"Linh Xuân","854790408030971","","linhlibratb1990@gmail.com:1.000000"
"Ma Duc Prince","831454710369730","",""
"Huang Jing Mi","661194450736936","",""
"Lê Công Bằng","1731455366927857","","cot1986@gmail.com:1.000000"
"Nguyễn Ngọc Thức","914917451997504","",""
"Minh Thành","2011392129133239","",""
"Ngọc Luân","205478299951123","",""
"Banmaixanh Trau Keo Xe","1022089917930688","","hihilovery@gmail.com:1.000000"
"Hoang Nhan","977314472412570","",""
"Cuong Trinh","262857514238440","","hoangphat3968@gmail.com:1.000000"
"Hải Đăng","1832679403722115","","vimaru.lighthouse@gmail.com:1.000000"
"Le Anh","1764872973584965","","cucnau@gmail.com:1.000000"
"Mark Huynh","1780996188579771","","huynh9l@gmail.com:1.000000"
"Khang Lê","106636069946933","","khangskhacbiet@gmail.com:0.500000"
"Hồ Ca","244786135958594","","horiho1997@gmail.com:1.000000"
"Nhật Nam","307817166390084","",""
"Cần Gì Cái Tên","364400333995828","","fantasy2302@gmail.com:0.500000"
"Jang Vodik","2202594479766876","",""
"Thuận Nguyễn","514670005561865","",""
"Huỳnh Minh","881707502002696","",""
"Lê Hồng Phong","845318932275240","",""
"Hồ Kiệt","330391774110090","","ngoalongk@gmail.com:1.000000"
"Tú Văn","165893214153619","","chiuvantu@gmail.com:1.000000"
"Nguyen Viet Vinh","1003502313123447","",""
"Trungnghia Vu","1213735452104896","","trungnghia1290@gmail.com:1.000000"
"Dang Nguyen","1986987081522121","","baodang0409@gmail.com:1.000000"
"Thien Nguyen","141228393311265","","thienpirates@gmail.com:1.000000"
"Trọng Tuấn","891306241051134","",""
"Long Vũ Ngọc","993529620782477","0965053729:0.166667, 0313835285:0.019608, 0944603396:0.005556",""
"Ông Già Xì Tin","1367562499999674","",""
"Dũng Nguyễn","1535845176511867","",""
"Đoàn Quân","1415362225203797","0971111966:0.7272727272727273",""
"Tommy Ngô","1911852322162736","",""
"Truong Gamap","2035157760055081","","truongdao0111@gmail.com:1.000000"
"Tiêu Biệt Ly","500945703631977","",""
"Anh Vũ","1641209482604801","","trietquyendao1@gmail.com:1.000000"
"Châu Chấu Đen","1422597527798610","",""
"Phạm Ngọc Châu","380539979055085","","dongnengiau2015@gmail.com:0.333333"
"Vivian Kyubi","550734995289293","","nhom5cd11dc5@gmail.com:0.050000, phan.toan.17.04.92@gmail.com:0.562500"
"Hoàng Tưởng","662440453949822","",""
"Minh Anh Nguyen Le","1548019055319310","",""
"Phạm Tân","141660479615885","",""
"Nguyễn Tuấn Hà","1927239073972537","",""
"Duc Hieu Nguyen","393956741007683","","duchieu21122010@gmail.com:1.000000"
"Truong Pham","605299932987297","","psvanlydochanh88@gmail.com:0.250000, psvanlydochanh88@gmail.com:0.750000"
"Thep Nguyen","1587244608021345","","thep09i2@gmail.com:1.000000"
"Tùng Nguyễn","460172727703823","",""
"Lê Minh Phong","921741704644361","",""
"Kha Phan","389807661456849","",""
"Lê Hữu Kiên","779316908873738","",""
"Na Noo","2095676313994462","","legiahung1221@gmail.com:0.500000"
"Trần Minh Tú","299900493841082","",""
"Thanh Tung Tran","719993338205803","",""
"Điệp Chỉ Thiên Nhãn","408910659544423","","cuncoiham1997@gmail.com:0.166667"
"Que Toj Dat Nhan","983686451771934","","chuvantrong86@gmail.com:1.000000"
"Kien Hoang","1136933126452444","","juno5939@gmail.com:0.166667"
"Tuyen Hoang","350665938658957","",""
"Đinh Công","413103452377476","",""
"Bùi Ngọc Dũng","422993981448658","","buingocdung.gdtx@gmail.com:1.000000"
"Minh Khai Nguyen","1820957798183922","",""
"Linh Do","888950387941654","",""
"Vuanh Phuong","1996708377285475","","vuanhphuong1979@gmail.com:1.000000"
"Ninh Dương","922660794540974","01635174532:1.0",""
"Thuy Trang","601049640286383","",""
"Thiên Kỳ","364309727278616","",""
"Hung Do","1880167958924882","","tomtepdichoi@gmail.com:1.000000"
"Huỳnh Lộc","525398564488151","",""
"","248557631964735","",""
"Duong Jim","383409668780755","",""
"Nguyen Trung Nam","391707614592901","","trungnam280390@gmail.com:1.000000"
"Hoàng Hải","1174765645991587","",""
"Quoc Thang Vu","2029458130624439","","vuquocthang06021985@gmail.com:0.750000"
"Nguyễn Thành Trung","1288571424622042","","email.ntrung571@gmail.com:1.000000"
"Nguyễn Bảo","343123869484906","",""
"Long Vũ Ngọc","1124748940993877","",""
"Cô'sS Độc'sS","418284935174510","",""
"Cao Thủ Học Đường","737967863075341","",""
"Trung Messi","1944989505827221","","trungmessi1997@gmail.com:1.000000"
"nguyễn văn cường","1971547039766385","",""
"Tấn Oscar","523261584712086","",""
"Hiệp Minh Trần","1804463016293959","","tranminhhiep57@gmail.com:1.000000"
"Tú Nguyen","1851064181871362","","vcholiday184@gmail.com:1.000000"
"Thanh Pari","538655546478365","","diepthanhhuong91@gmail.com:1.000000"
"Duy Nguyen","312877279194198","",""
"Bình Văn Đàm","2032311830321491","",""
"Nguyễn Bpt Hậu","900698166766211","","nbpth011@gmail.com:1.000000"
"Khánh Tâm","10208429267367619","",""
"Phi Trương","1763581970611593","",""
"Vũ Ngọc Sơn","887251331434323","","kellychip5011@gmail.com:1.000000"
"Trung Quoc","605010663167754","","quoctrung2408@gmail.com:1.000000"
"Ngoc Tan Tran","1077213355715502","","binhkhecty@gmail.com:1.000000"
"Iyi Cò","1696310380433708","","cuocsongdepditimodau@yahoo.com:1.000000"
"Endy Hoàng","2012752552327763","",""
"Thấu Minh Phong","131198194229694","","songhanhshop@gmail.com:0.750000"
"AE TửTế","1161208624015767","","sinhvienxd.nguyencong@gmail.com:1.000000"
"Eyes Sad","1953741974893339","","nam.nhi9495@gmail.com:0.500000, nam.coi241094@gmail.com:0.166667"
"Dung Tran","973201436194636","","cokieungaynay@gmail.com:1.000000"
"Tuấn Lê","2047302592157887","","tranxuantuc102@yahoo.com.vn:1.000000"
"Sến Táu","1565598700195855","",""
"Thai Le","326903107784423","",""
"Edogawa Conan","1507138866073227","",""
"Hoang Diep","897060680453540","",""
"Hoang Nguyen","1935772676687904","0934956530:1.000000","nguyenhoang0934956530@gmail.com:1.000000"
"Thinh Nguyen","653815088130938","",""
"Thinh Le","1365493936893851","","thnt.dongtam@gmail.com:1.000000"
"Khang Moon","1988548778100431","0944311371:1.000000","khang0944311371@gmail.com:1.000000"
"Trần Lương Kòj","813476455488676","","tkluongng@gmail.com:1.000000"
"Minh Vượng","374178959677314","",""
"Quyền Nguyễn","1626134394103963","",""
"Truong Mon","1840691476205015","",""
"Jin Nguyễn","2016328115293136","","anhrin.280595@gmail.com:1.000000"
"Cư Sĩ Ẩn","1778189952455994","",""
"Phạm Đình Hà","1992097411008986","","mystylehp1993@gmail.com:0.500000, hpchudu@gmail.com:0.500000"
"Hót Boy Nổi Loạn","1533687900057421","",""
"Thành Thần Thánh","2096079883742138","","letrungthanh053@gmail.com:1.000000"
"Ngô Nam","1957944904528103","",""
"Vô Tâm","533849263647420","",""
"Vien Thua Chi","1254365154710310","","caotuannho@gmail.com:0.600000"
"Đá Lạnh","1853593948258987","",""
"Nguyen Thuy","868475209999257","","truonggiang2210@gmail.com:1.000000"
"Nguyễn Hải","303357906834592","","haitrungnguyen121186@gmail.com:1.000000"
"Khánh Nguyễn Kool","1813046715605968","",""
"Trần Đình Nguyên","183313325542013","","mangyangtoiyeu200@gmail.com:0.250000"
"Tuan Trong","716035321927990","","trongtuan56@gmail.com:1.000000"
"Dan Nguyen","550376401966550","","backupdanhbakh@hotmail.com:1.000000"
"Cù Thiện","369521566844477","","cuthanhtuyenpq2016@gmail.com:1.000000"
"Hai Nguyen Van","1642312352481636","","nguyenphihai478@gmail.com:1.000000"
"Hoàng Anh","1570047913040957","",""
"Doan Chu","976411419179124","","boy_codonbb@yahoo.com:1.000000"
"Thanh Họ Nguyễn","1835157906702373","",""
"Nguyễn Tuấn","1521709081258710","",""
"Duy Phạm","730709957127523","","duyga1811@gmail.com:1.000000"
"Anh Nguyen","522551191437152","",""
"Ngô Thành Đạt","1227792733967792","",""
"Khoảnq Lặnq Tronq Tim","1894526570799062","","khoanqlanq.tronqtim@facebook.com:1.000000"
"Nguyễn Mạnh Hùng","1530449787070951","",""
"Thenam Nguyen","1691587364234643","","thenam06011987@gmail.com:0.166667, thenam0601@gmail.com:0.833333"
"Nguyễn Văn Nam","141319809970899","","nam.coi241094@gmail.com:0.666667"
"Tran Cam Hung","1873273052687226","",""
"ĐẠt TrẦn","1806188319641922","",""
"Đời Là Bể Khổ","191413654760813","","nguyenmanhhungpt184@icloud.com:1.000000"
"Phan Nhất","1018644071609334","","phantamnhat31@gmail.com:1.000000"
"Ninh Dương","1030325450441174","",""
"Đinh Công Thực","10207777447674218","","thuc_tb209@yahoo.com:1.000000"
"Nguyên Trịnh","1285811324857248","",""
"Hoàng Giang","2421227948102437","","shisui.kbt92@gmail.com:1.000000"
"‍‍‍‍‍‍‍‍‍‍‍‍‍‍‍‍‍‍‍‍‍‍‍‍‍‍‍‍‍‍‍‍‍‍‍‍‍‍‍‍‍‍‍‍‍‍‍‍‍‍‍‍‍‍‍‍‍‍‍‍‍‍‍‍‍‍‍‍‍‍‍‍‍‍‍‍‍‍‍‍‍‍‍‍‍‍‍‍‍‍‍‍‍‍‍‍‍‍‍‍‍‍‍‍‍‍‍‍‍‍‍‍‍‍‍‍‍‍‍‍‍‍‍‍‍‍‍‍‍‍‍‍‍‍‍‍‍‍‍‍‍‍‍‍‍‍‍‍‍‍‍‍‍‍‍‍‍‍‍‍‍‍‍‍‍‍‍‍‍‍","168857980377856","",""
"Hùng Đàm","153061355446414","",""
"Vu Anh Tuan","504694926564361","",""
"Trần Hữu Duy","169087997013121","","deocongyeu30@gmail.com:1.000000"
"Sang Ka","1859249961054104","","buivansang.05101993@gmail.com:1.000000"
"Tthuy Kim Thủy","295884347481808","",""
"Ngoc Nguyen Quang","1869314166713694","",""
"Nghĩa Lê","488282858225203","","xlktw@yahoo.com:1.000000"
"Nguyễn Đạt","872973002874198","0919101458:0.111111, 0906996607:0.666667","duongdatvilla92@gmail.com:1.000000"
"Thái Hoàng","349466372191719","","laquangty168@gmail.com:0.500000"
"Niem Tin","809410972575092","","mnhan891@gmail.com:1.000000"
"Phan Mạnh","1743866855908184","",""
"Trịnh Hữu Toàn","2073060566255017","",""
"Trần Anh Dũng","1734466119897386","","anhdzung_hvnh@yahoo.com:1.000000"
"Đông Bếch","1934676163451372","",""
"Hưng Đạo Vương","1910269932634322","","daokhaihung@yahoo.com.vn:1.000000"
"Bùi Đình Đảo","2107239079508000","",""
"Nguyễn Tí Nhỏ Tí","1095836323886201","",""
"Chippi Le","10155942468348979","",""
"Ko Có","403031723448818","","daoanhtam658@yahoo.com:1.000000"
"Nguyễn Bảo Ngọc","304322440064980","",""
"Đỗ Viết Tú","189692191607433","","anhtu2016@gmail.com:1.000000"
"Văn Chung Trân","2085977968288414","","chungbaotri531@gmail.com:1.000000"
"NgocSon Doan","1048888868589870","","ngocsonplbgm@gmail.com:1.000000"
"Trương Hoài Vũ","963867903762609","",""
"Sky NTuấnva","533801520317989","","minhtuanlol@gamil.com:1.000000"
"Tình Xuyên Việt","690280571360878","","devlanhday@gmail.com:1.000000"
"Lê Hẹn","2037146249838631","","lehen6293@gmail.com:1.000000"
"Duy Bắp","2066629786901125","","ngoquanduy@gmail.com:1.000000"
"Trường Long","937868799702231","","daiminhchu1997@gmail.com:1.000000"
"Ngày Mai Tính","1819889888268399","",""
"Âm Thầm Bên Em","588147354718682","",""
"Nắng Trên Cao Nguyên","755538584616803","","motgiacmo86@gmail.com:1.000000"
"TPra Đỗ","1977171215867080","","trieudo95@gmail.com:1.000000"
"Kông Lê","1941496952841994","","kongka0809@gmail.com:1.000000"
"Tiến Lộc Nguyễn","1636994106346508","","nevergone1006@gmail.com:1.000000"
"Dang Hung","1970492683172339","",""
"Từ Thức","1795091710552090","01697192160:1.000000","tuthucprotp@gmail.com:1.000000"
"Sasser Phạm","184166178725519","",""
"Lâm Lém Lĩnh","1943188539264580","",""
"Gấu Nhỏ PanDa","1921304228187426","","thanhpham0809@gmail.com:0.562500, thanhpham080985@yahoo.com:0.250000"
"Phạm Tân","266200540495211","",""
"Thanhgl Ngo","1925553310995837","",""
"Nguyễn Thị Kim Oanh","860479820788578","",""
"Tôi Đi Tìm Tôi","1168219499976823","0941557333:0.062500, 0989103816:0.062500",""
"Hoàng Giang","2199339506957950","",""
"Trai Đất Bắc","1176727935795499","",""
"Mờ Rờ Đa","685520094951706","",""
"Chotsinh Ramotkiep Người","1173107156140064","","chugacongy@gmail.com:1.0"
"Chu Thịnh","387161148330241","","chuanthinh@gmail.com:1.000000"
"Đức Hoàng","939438096232535","","kjmlonhdj@gmail.com:0.500000"
"Nguyễn Tài Ngọc","1987378368150407","",""
"Nguyễn Gia Huy","411063185975834","",""
"Trần Đình Đức","1514761621976195","","dinhduc25994@gmail.com:1.000000"
"Sacrifice Gambit","1486187921450502","",""
"Trình Văn","717797771727301","","pilatop.nvt.91@gmail.com:1.000000"
"Dong Hoang","365143123911505","","hvdongks@gmail.com:0.250000"
"Cau Kao","190299748195262","","hoanghy3z@gmail.com:1.000000"
"Tuấn Võ","1927501604234678","","vohoananhtuan@gmail.com:1.000000"
"Đại Ca","464566553906162","",""
"Ước Mong","896557437188691","","tranconghieuuu@gmail.com:1.000000"
"Ty Hon","1075574275910600","",""
"Hoang Tu Nguyen","1565141730203312","",""
"Son Luong","151332598821409","",""
"Dũng Trịnh","1485341311582238","","superbanana2302@gmail.com:1.000000"
"","2096821037215431","",""
"Hoang Tu Nguyen","1675356962515121","",""
"Trần Lợi","331805327228787","","tranloi12321@gmail.com:1.000000"
"Thanh Sang","1938813459466508","","tumap19111988@gmail.com:1.000000"
"Nguyễn Thanh Hà","826346034215107","","aptvina1@gmail.com:1.000000"
"Hoa Dai Nhan","1466360210073622","",""
"Truong Nguyen","1591449760922475","",""
"Duy Anh Trần","1191835864198905","",""
"جاسم محمد","293585604481812","",""
"Hoàng Bảo Long","1965074173818418","0961603684:1.000000","aa0961603684@gmail.com:1.000000"
"Thiên Thanh","1119714134832885","",""
"Văn Chung","938439039633917","",""
"Không Cần","1964451440482314","","thanhphongttp001@gmail.com:0.400000"
"Kim Ngưu","858301361017418","",""
"Kỳ Gia Tuấn","1952354971682211","","kennisuvip@gmail.con:0.166667, by_boy_sitinh1991@yahoo.com:0.333333, kennisuvip@gmail.com:0.500000"
"Không Tên","297406104104580","","chitonvuong1994@gmail.com:1.000000"
"浪人","884958358344852","",""
"Huy Huy","368875180205529","","thegunnes3008@gmail.com:1.000000"
"Du Chu","131837090862827","","tranthachngoc.faker@gmail.com:0.333333"
"Ngoan Nhất Nhà","1878987322431210","",""
"Hải Thiếu Gia","992872860850806","","boydatinh1712@gmail.com:1.000000"
"Hoàng Cảnh","2024785857800725","","misskool1x@gmail.com:1.000000"
"Duy Đông Trần","1662087337425003","","tranduydong220980@gmail.com:0.666667"
"Nguyễn Tuấn Anh","1997425410582609","","votinhcongtu199x@gmail.com:1.000000"
"Duy Ha","849180688586575","","haduyls82@gmail.com:1.000000"
"Duyduc Nguyen","1585421754847644","",""
"Minh Công","742307849292456","","buivancong12101994@gmail.com:1.000000"
"Nguyễn Hạnh","1269688696468641","","tranlaimt@gmail.com:1.000000"
"Îî Dũng Îî","940848656080904","","dungmanh110@gmail.com:1.000000"
"Vũ Đức Long","561643960711782","","rongnuocviet3@gmail.com:1.000000"
"KS Rong","1526613370779231","","pbich802@gmail.com:1.000000"
"Võ Thanh Bảo","1890972084565509","",""
"Korosaki Ichigo","1130449460396062","",""
"Nga Them","1166983033433558","",""
"Trương Tuấn","1560840317287920","","kevin25912016@gmail.com:1.000000"
"Nguyễn Văn Cường","2101350810097947","",""
"Nhan Vu Ba","1986649914944022","",""
"Thổ Tang Ơi","1946503069008596","0971831982:0.500000","chauductrang@gmail.com:1.000000"
"Lương Tuấn Long","1075210925938501","",""
"Thanh Binh Le","839305396239215","","lethanhbinh7783@gmail.com:1.000000"
"T Amot Seo","1522789324473702","","tungtm9358@gmail.com:1.000000"
"Anh Thi","798994150287248","",""
"Pin Choét","1940388512954879","",""
"Minh Nguyen","757126264471444","","tuanhd1515@gmail.com:1.000000"
"Kinh Kim Thien","628518660652052","","truongvoky996@gmail.com:1.000000"
"Trần Vũ Đông","847014085479538","","tranvudong95@gmail.com:1.000000"
"Hiệp Mây Tào","165910994012781","","hieppct3@gmail.com:0.750000"
"Hassan Nguyen","1476064689174008","",""
"Tạ Thanh Thế Lĩnh","150842662205033","",""
"Phạm Ngọc Linh","931130973705542","","hoalinh190186@gmail.com:1.000000"
"Nguyễn Thủy","2023374934540688","",""
"Anh Iniesta","346324732502389","","hunganh.k7@gmail.com:1.000000"
"Nam Pham","930169063807797","",""
"Anh Hiệp","1989142901306965","","hiepbui02121994@gmail.com:1.000000"
"Khoảng Lặng Trong Tôi","308512559646263","",""
"VăN HạNh","558399087835999","","vanhanh@vtv.com:1.000000"
"Ngọc Vũ","1537409643046484","",""
"HoLieu Nguyen","842659099250360","",""
"Quân Lê","1938846043044675","",""
"Tinh Nguyen","1887124368270746","",""
"Romeo Linh","1927080110885197","",""
"Tthuy Kim Thủy","328391554231087","",""
"Nguyễn Trọng Hiếu","376031546085402","",""
"Trong NiNo","739007999605808","",""
"Viết Đức","1346008988847220","",""
"Pộp Trần","936306856524525","","tieuthanh1910@gmail.com:1.000000"
"Một thời để Nhớ","1932404107086521","","majmajtinhyeu71@gmail.com:1.000000"
"Nguyễn Đức Nhân","1081374691999051","",""
"Võ Hoàng Quốc Thái","481047425629710","","thaikhai266@gmail.com:0.200000, thaikhaik1@gmail.com:0.800000"
"Hoang Hai Thanh","1300234403456426","","hoanghaithanh1981@gmail.com:1.000000"
"Duy Đông Trần","1782218028745266","","tranduydong220980@gmail.com:0.666667"
"Thân Hoàng","168869320517519","",""
"Tung Son Nam","324062104740914","","daithanh.auto@gmail.com:1.000000"
"Ma Lương Phú","773797792816022","","mrphuqu@gmail.com:1.000000"
"Cau Ut Ngheo","427785264286215","",""
"Nguyễn Hoàng Luân","2016851415265837","","oceo2776@gmail.com:1.000000"
"Anh Tien","1086126018189320","","vatien84@gmail.com:1.000000"
"Nhattan Duong","1201065770000327","","mr.betethien@gmail.com:0.500000"
"Kaiser HL","948467245305480","",""
"Nguyễn Văn Hà Hà","528227130871693","",""
"Tộp Tèo","892555637546679","",""
"Tìm Hiểu Thêm","1488324607941702","",""
"Bich Phuong","298106707363426","",""
"Trần Văn Ngọc","181362349007413","01233577182:0.333333",""
"Nguyễn Thanh Phương","408948892854897","",""
"Hoàng Thanh","2079067062325879","","madaochjch30041986@gmail.com:1.000000"
"Nguyen Huong Tra","1247002002098863","",""
"Trần Lượng","500958980288327","",""
"Lý Trung Đức","1905699409683984","",""
"Nguyễn Nguyễn","158530738227006","","ngocdam789@gmail.com:0.166667"
"Thu Hà","149078058914261","",""
"Love Rain","2243576599202152","",""
"Nơi Ấy Bình Yên","812964305570318","0965626686:1.000000","lenhothiepzz@gmail.com:0.666667"
"Sấn Omely","1277145532308118","01643124264:0.333333","phamhoainam.khct@gmail.com:1.0"
"Nguyễn Ngọc Thiện","674915926050433","","nguyenngocthien27091998@gmail.com:1.000000"
"Hạnh Hải","1986518268287223","",""
"Tèo Lê","410668136031569","","lethienbao0105@gmail.com:1.000000"
"Phạm Quốc Luật","504844076565408","","quocluat.nb84@gmail.con:0.250000, quocluat.nb84@gmail.com:0.750000"
"Nghiahn Bui","2008588126082257","",""
"Anh Tuấn Mr.AT","168126290591427","","caotuananh02121996@gmail.com:1.000000"
"Nguyễn Trúc","143259536436372","","cryonmyshoulder21084@gmail.com:1.000000"
"Hưng Nguyễn","874309199395763","","kaiyunguyen232@gmail.com:0.600000"
"Gau Truc","932284406920599","",""
"Hà My Bánh Gạo","1751767761509098","",""
"Toànapple Triệu","391140947982784","",""
"Đỗ Nguyễn Gia Bảo","1769717703322073","",""
"Haiuyen Vopham","2031601887076151","",""
"Chấm Hết","377846372650331","","ngoclinhtq1@gmail.com:1.000000"
"Nguyễn Đ. Trưởng","767341850116322","","llpekoyll@yahoo.com:1.000000"
"Nguyễn Minh Tâm","1198244186986636","","minhtam0589@gmail.com:1.000000"
"Nam Nguyễn","899650220200140","","namnguyens131@gmail.com:1.000000"
"Nguyen Tuan Anh","406181463131419","",""
"Trần Khởi","402662023484546","","khoitvt7@gmail.com:1.000000"
"Sứ Thần Bóng Đêm","619611775049615","",""
"Ryu Nosuke","567589163580007","",""
"Viet Pham","492086261170470","",""
"Le Nhu","148345542558016","","nhule.161198@gmail.com:0.562500, lethihuynhnhu1516@gmail.com:0.125000"
"Trần Trọng Nghĩa","535178556834555","",""
"Chu Luân","1896289804033717","","chuducluan.cavl@gmail.com:1.000000"
"Phúc Tùng","720165908182991","",""
"Mai Hương","1148176635322277","",""
"Trương Ngọc Quang","1300985353379989","",""
"Nguyễn Thành Đạt","1985160245107063","","thanhdatscpc@gmail.com:1.000000"
"Trung Văn","1585075471548939","",""
"Cô Chủ Nhỏ","554576851550447",""," nhockhjsmy@gmail.com:0.400000, thanhthuynguyen020688@gmail.com:0.200000, maitrinh020688@gmail.com:0.200000"
"Huy Trương Ngọc","879250692232785","","ngochuykcv@gmail.com:1.000000, changcodon8x@yahoo.com:1.0"
"Trần Phương","1152372301531812","","chotinnhancuaban_p1088@yahoo.com:1.000000"
"Quynh Phan","307096983125865","","phanmanhquynh001@gmail.com:0.400000"
"Nguyễn Duy Khánh","851580445024226","","thien.dg.k.loi.thoat@gmail.com:1.000000"
"Độc Dã Lang","1328450590616047","","phungvucuuthien1207@gmail.com:1.000000"
"Điêu Thuyền","2057878311126107","","ndu168612202@gmail.com:1.000000"
"Nguyễn Viết Hải","1646356975387118","",""
"Đình Phong","2084861795077570",""," dohuycuong0001@gmail.com:0.454545,ddpu2017@gmail.com:0.272727, dohuycuong1990@gmail.com:0.181818"
"Hoàng Đình Hùng","2014182755533082","",""
"Hà Mã Đen","505902643082901","",""
"Kiên La","1038731582935881","","kienla0107@gmail.com:1.000000"
"Đàm Cảnh","2035600206669483","",""
"Quốc Khanh","555074458011488","",""
"Minh Sang","754040061447889","",""
"Mật Man Vu","1982096402047674","","nanashikute@gmail.com:0.500000"
"Luong Gia Cat","295554500951624","","kufefa@gmail.com:1.000000"
"Sang Nguyễn","743409595853101","","hoitiecmuonmang2015@gmail.com:1.000000"
"Hà Hiển","1207774292689639","0965296369:0.151261","hason88nail@gmail.com:1.000000"
"diệp cô Thành","677618135776135","","dung12a6hn@gmail.com:0.500000"
"Shidorika Tamaya","164702154277893","",""
"Vũ Đình Minh","1932899100364448","","vudinhminh198@gmail.com:1.000000"
"Vô Hình Tí","159670864782190","",""
"Hoàng Minh Hải Đăng","2002146713331774","","haidangdda@yahoo.com:1.000000"
"Lý Trung Đức","1814651562122103","",""
"Nguyễn Hùng","540417976322032","","yunsv100@gmail.com:1.000000"
"Duy Diện","2048300078787552","",""
"Lê Dĩ Khaqs","1933670026962274","",""
"Phạm Tân","143011992814067","",""
"Đặng Quang Linh","1956647987994816","",""
"My Le Cau","370232880091832","","o0ocubin9x@hotmail.com:1.000000"
"Âm Thầm Bên Em","625237707676313","",""
"Hà Phi Hùng","1943906512595351","",""
"Nguyễn Xuân Nhân","394698464299243","",""
"Say Phung","1997822043820699","","phung87@yahoo.com.vn:1.000000"
"Thân Đỗ","925264530983465","","than_12_25@yahoo.com:1.000000"
"Tien Nguyen","1653674918022822","","ductien89hd@gmail.com:1.000000"
"Li Ti Lâu Tan","700196650186082","","ngocbinh754@gmail.com:0.750000"
"Hưng Nguyên","1961174557478232","","psvanlydochanh1988@gmail.com:1.000000"
"Phan Long","1972299389760312","",""
"Tuyen Duong","299902323849018","","aixinhanhyeu_st@gmail.com.sohaid:1.000000"
"Nhattan Duong","1543466905760210","","mr.betethien@gmail.com:0.500000"
"Đổ Thừa","798784173656804","",""
"Chien Huynh","709270195931572","","newskyy1989@gmail.com:1.000000"
"Hoàng Long","1940309426230107","","duong121212@gmail.com:1.000000"
"Tho San","331854217289706","","doductamfc14@gmail.com:1.000000"
"Vương Nguyễn Lam Tuyền","740328652823515","","trieulevan37@gmail.com:1.000000"
"Quân Trần Mạnh","900825003403617","","quanbeo2794@gmail.com:1.000000"
"Phan Thuy","313335785837522","",""
"Bùi Mạnh Toàn","373565206420242","0944284633",""
"Chang Lam Ngok","795444083975603","",""
"Thành Đạt","909170062569119","",""
"Hanh Nguyen","1811912869106344","","1ronaldoloc05@gmail.com:0.333333"
"Kim Luan","2018401045046096","","thanhhoan1985@gmail.com:1.000000"
"Lê Hữu Chính","10210551060074814","",""
"Triều Nguyễn","1718408788487552","",""
"Tran Tam","365246763903165","",""
"Tòng Trần Văn","1468591836589086","",""
"","1003424849806816","",""
"Truongan Diep","519247728444989","","truongan99999@gmail.com:1.000000"
"Đào Duy Tân","538872493118496","","tanmhfc2k3@gmail.com:1.000000"
"Mega Mind","10209842929661790","",""
"Tran Binh","2098691537018678","",""
"Tình Xuyên Việt","509323009456636","",""
"Hồ Hùng","10155641205008964","","dhung1183@gmail.com:1.000000"
"Kiên Trung","784613685050840","",""
"Viên Đá Lửa","2384823991743417","","vantien8018@gmail.com:1.000000"
"Phạm Tân","230547004060565","",""
"Hồ Thị Nguyệt Anh","765090487007870","","windyahn07@gmail.com:0.500000"
"","1674841042816299","",""
"Cuong Nguyen","716072675252014","",""
"Đỗ Bảo Tú","407416336256283","",""
"Phong Thanh","877876889038927","","quangtuyen_nt@yahoo.com:1.000000"
"Vn Chuoipro","739055629628514","","vncuongpro@gmail.com:0.500000"
"Lê Tuấn Anh","971772296286989","",""
"nguyễn hải","1854493784826536","",""
"Truong Thanh","716278781904791","","truongthanh2384@gmail.com:1.000000"
"Dân Nước Nam","1910590792589745","01698407290:0.014706","dannuocnam88@gmail.com:0.333333"
"Cương Dx","551276538551263","",""
"Hai Lúa","2280825195477201","","tth7621@gmail.com:1.000000"
"Tuan Pham","1872048583124743","",""
"Thành Phương","259232644603821","","thanhphongttp001@gmail.com:0.600000"
"Oki Mario","809164015955992","",""
"Du Tran","625664034490665","",""
"Phương Thế Ngọc","304600493358132","","phuongthengocbcm@gmail.com:1.000000"
"Lâm Sung","603964699935045","",""
"Phong Phan Thanh","199351677194940","",""
"Minh Ngọc Dương","416338398697149","",""
"Sát Thần","526432021050425","","tocanh183.bl@gmail.com:1.000000"
"Việt Hà","1503193889794707","","nvha297@gmail.com:1.000000"
"Hoàng Lâm Lê Nguyễn","1989298384650388","",""
"Sinh Viên","192038051263329","01634774300:1.0",""
"Klinsmann Nguyen","860432904116458","","thanhmydpa@gmail.com:1.000000"
"Hiếu Nguyệt","827229600781746","","hieunguyet@gmail.con:1.000000"
"Nguyễn Trí","896993433810726","","minhtri01676@gmail.com:1.000000"
"Hard Die","2113929812156541","","anthonythai78@gmail.com:1.000000"
"Long Tiếu","370945056666574","","muaha000thanh@gmail.com:1.000000"
"Hùng Thanh Phạm","831489483682753","","quangphucczz86@gmail.com:1.000000"
"Nguyen Khanh","381391028966854","",""
"Phi Hung","1019292761546969","","phihunglsns@gmail.com:1.000000"
"Lan Và Điệp","522438294760613","",""
"Best Singged","241176439653929","",""
"Một Kiếp Phong Ba","1136043893196901","","nguyenthanhdu.1990@gmail.com:1.000000"
"Thái Nguyễn","152563688831367","","thaovan13102010@live.com:1.000000"
"Việt Trần","427129757702302","",""
"Thái Salem","935392829941202","","duongthai77641@gmail.com:1.000000"
"Thiện Lê","402687093484964","","kienquoc2016@gmail.com:1.000000"
"Thánh Nhọ","1991805781100203","",""
"Phạm Minh ĐỨc","869988066471326","",""
"Quốc Vĩ","1959971987570953","",""
"Thiếu Tiền","126765781456361","",""
"Trần Thạch Ngọc","377256609353102","","tranthachngoc.faker@gmail.com:0.333333"
"Doan Dinh","1670561446366689","","dinhdoan112309@gmail.com:1.000000"
"Đình Tuyến","1039634792881768","",""
"Anh Duy","1868459853424066","",""
"Thành Nam","2050605501838754","","ngothanhnam29111997@gmail.com:1.000000"
"Thích Thì Thượng","554318591574358","","phamyennhitb@gmail.com:1.000000"
"Hạ Buôn","548407428838095","",""
"Âm Thầm Bên Em","588119021388182","",""
"Minh Minh","2015748875376768","","nhanminhkhanh@gmail.com:1.000000"
"Hải Nam","682752015218892","",""
"Nguyễn Minh Luân","2004521933162178","",""
"Quân Đồ Tể","1518031158316263","","ngocquan.41ktnn@gmail.com:1.000000"
"Candy Tuan","735915056603613","",""
"Bui Thanh Tung","901219870039674","",""
"Nắng Ban Mai","1989637011292936","","nhiepphong08051990@gmail.com:1.000000"
"Trường Lion","918153081695580","",""
"Duc Nguyen","1974091466186853","","vanducsykuteo@gmail.com:1.000000"
"Nam Kent","1885579044788901","",""
"Mẫn Nhi","940010959497114","",""
"Thu Hà","159179211237479","",""
"Van Nam Trinh","174512763301325","",""
"Kim Ngân","140469826721278","","ngocbinh754@gmail.com:0.250000"
"Minh Toàn","1409412002501526","","minhtoanpro18081990@gmail.com:1.000000"
"Lucky Lĩnh","2003539879890476","",""
"Nguyễn Văn Thiên","751439155057127","",""
"Nam Ka","516346775395304","",""
"Ngọc Hưng","1759691234081461","0911160909:0.05714285714285714, 0986360909:0.088645","daongochung.86@gmail.com:1.000000"
"Phú Hậu","2097633093793215","",""
"Lê Hiệu","385734188530853","",""
"Boom Boom","1273787456056498","","phitoan001@gmail.com:1.000000"
"Tùng Bùi","509604696089604","","bttung1001@gmail.com:1.000000"
"Vo Danh Tuy Phong","511091625926712","","songhanhshop@gmail.com:0.250000"
"Duy Trần","1140281046106506","0988090640:0.237288",""
"Trương Văn Nhân","2006358449608383","",""
"Bon Truong","289163774879592","",""
"Thật Thần Thánh","783780675155297","","bishokuya33@gmail.com:1.000000"
"Lão Thất","503135463388056","","bomet88tb@gmail.com:1.000000"
"Hải Tiên Sinh","2020245524927235","","xinemdungbg@gmail.com:1.000000"
"Anhchang Phongluu","1978515195763894","","phongphephon2789@gmail.com:1.000000"
"Ngọc Khánh","828259180687455","","duongtienthanh5@yahoo.com.vn.id:1.000000"
"Người Rừng Xứ Lạng","885264338321383","","aquanls@yahoo.com:1.000000"
"Thanh Sang Tran","526507764347597","","tranthanhsang2440@gmail.com:1.000000"
"Nguyễn Thị Cường","431479250601336","",""
"Hưng Quốc Lê","474710306263098","",""
"Thien Tran","240228806442299","",""
"Tiến Dũng","1943649835887408","","longtuong3d@gmail.com:1.000000"
"Kiều Phong","320152521797204","",""
"Người Lạ Từng Quen","1975398099369949","","popopi5991@gmail.com:1.000000"
"Nguyễn Ngọc Sơn","1206160786184245","",""
"Nguyệt Minh","861112847391783","","mammuoicoi@gmail.com:0.100000, hotrodaiminhchu@gmail.com:0.100000, mrmambeo@gmail.com:0.450000"
"Cu Tí","1697833507174731","",""
"Phong HpHn","1911395259176100","",""
"Tử Thần","267497400379981","",""
"Trần Phước Hùng","916688125146693","",""
"Ngọc Phúc Thọ Blue","819324678239260","",""
"Huệ Nguyễn","730814063772461","",""
"Nguyet Nguyen","1963795883945472","",""
"Lỗi Định Mệnh","470055040022863","",""
"Hoang Anh Nguyễn","378935692561925","",""
"Thành Phạm","1530495823713496","","thanhpham0809@gmail.com:0.250000"
"Trong Cuong Nguyen","535367616849024","",""
"Chung Kelly","1066398363504650","",""
"Tèo Cà Lê","1513414412008455","",""
"Tuấn Phạm","1950100008335329","","tuanphamnd35@gmail.com:1.000000"
"Nguyễn Thị Thuý","301169913719227","","dongcomaybay@gmail.com:1.000000"
"Núi Tiến","364660620662746","",""
"Thanh Trí","958597080941931","",""
"Lê Biên","2128601707368056","","bietsecongaymai@yahoo.com:1.000000"
"Viet Tran","906823109471608","","quocviet32599@gmail.com:1.000000"
"Duy Hoàn","804360713051827","",""
"Hoàng Đông","823445344496835","","hvdongks@gmail.com:0.750000"
"Nguyễn Du","391495757853410","",""
"Thanh Phương","1752271455069823","","t_phuong1310@yahoo.com.vn:1.000000"
"Long Trang","1872732333040589","","duongtienthanh8687@yahoo.com.vn:0.250000"
"Hải Đại Ka","1490974407662942","","haidaika85.kl@gmail.com:1.000000"
"Phan Gia Bảo","347949322336101","",""
"trường trần","545931745741543","",""
"Nguyễn Minh","1932792880381813","","mammuoicoi@gmail.com:0.250000, mrmambeo@gmail.com:0.125000"
"Bọ Báo Tử","146470696080328","","maloch203@gmail.com:1.000000"
"Hieu Ly","497581397274321","",""
"Thanh Lâm","1606281189394546","","lamthanh114@gmail.com:0.500000, pcccdn@gmail.com:0.500000"
"Thien Bui","148665545757213","","phanmanhquynh001@gmail.com:0.200000"
"Bảo Duy","1724927210861206","","duyvu3105@gmail.com:1.000000"
"Minh Chủ Đại","626223407766587","",""
"Nhiếp Phong","462226427504771","","dung12a6hn@gmail.com:0.500000"
"Nguyễn Khanh","1867015713610479","","342nguyenvankhanh@gmail.com:0.333333"
"Hoài Không","298238237357159","","ledinhthi64@gmail.com:1.000000"
"Hoàng Ngọc Trường","1933682173516165","",""
"Lê Vũ Xuân Bách","1226468160830408","",""
"Bap Ka","491323111206189","","kingcorn017@gmail.com:1.000000"
"Phạm Tân","238511026597496","",""
"Tuyet Tran","1943901792598235","",""
"Đồng Tiên Sinh","2173603412865870","",""
"Long Hồ","851949414975223","0906444473:0.750000","nhulongdn1988@gmail.com:0.600000"
"Vang Chu","644161519087706","","chuphamdunganh1@gmail.com:1.000000"
"Điệp Võ","1523270614410858","",""
"Hữu Thắng Phạm","1473310989453562","","tailieumoduonghuy2014@gmail.com:1.000000"
"Trung Le","10208189677738407","","trungdaica200389@gmail.com:1.000000"
"Ha Duong","10155740451517696","",""
"Hoàng Đình Hùng","1850620501889309","0977920565:1.000000",""
"Lê Thành Tâm","1741888459156727","",""
"Nguyen Lili","229278444205530","01255091845:0.3034526854219949, 01646731468:0.3074099663183349",""
"Mai Xuân Dũng ","884605708384119","",""
"Sơn Phạm","1948646422067328","","snpham0@gmail.com:1.000000"
"Chuột Ngố","1849035715321377","",""
"Không Di","371918513250179","","duytam260600@gmail.com:1.000000"
"Khang Lê","1780562262244291","",""
"Đại Minh Chủ","549421102067222","","papaverin994@gmail.com:1.000000"
"Lê Văn Kiệt","325047601254218","",""
"Thằng Khờ","2072749432944893","",""
"Phúc Hoàng","167480777325223","","letranhoangphuc20199@gmail.com:1.000000"
"Minh Phúc","1491074434295467","",""
"Khắc Toàn","901133953383270","",""
"Robin Lực","858969140951979","","tienquanthuong@gmail.com:1.000000"
"Nguyễn Thanh Hải","896580193840808","",""
"Bao Trương","564488713897348","","quocminhphan214@gmail.com:0.500000"
"Chi Khanh","1847629055529291","",""
"Nguyễn Văn Long","2001669110122439","",""
"Nguyễn Khánh","909719669185748","",""
"Minh Nguyễn","521529154848367","","wizhegg@gmail.com:1.000000"
"Phan Toàn","1975387972731483","","phan.toan.17.04.92@gmail.com:0.050000, nhom5cd11dc5@gmail.com:0.640000"
"Boy Mai","1940193369563961","","xuanphucnguyenxom2@gmail.com:1.000000"
"Vinh VPh","814866335358007","",""
"Ăn Tàn Phá Hại","730524240477060","",""
"Bò Bất Bại","552778828250879","0974233534:1.0","boxautrai2016@gmail.com:0.500000"
"Hỏa Hoàng Hôn","811675139043752","","anh3camle01379@gmail.com:1.000000"
"Minh Luân","1757751017860766","",""
"Phương Love","294462387711582","","thanhphuongq1995@gmail.com:1.000000"
"Duy Anh","274881956274812","",""
"Không Biết Tên Gì","594245404077713","","duongthuyhoai90@gmail.com:1.000000"
"Hưqq Bikerr","310891262747418","",""
"Bàng Duy","808497975979887","",""
"Nguyễn Phúc Hậu","1970099353252862","","gasao00000@gmail.com:1.000000"
"Hỏa Kỳ Lân","1942825992709192","","ngochanbona123@gmail.com:1.000000"
"Ho Tran","368554243571823","",""
"Luân Voi","10208103458783927","","luanvoi87@gmail.com:1.000000"
"Bình Thanh Nguyễn","1136926403108286","",""
"Nguyễn Hoàng Thân","1957850447869964","","thanahdhd@gmail.com:1.000000"
"Ba Ken","133448144037221","",""
"Pham Trinh Thê","1988898791334897","","hienpham.04061984@gmail.com:1.000000"
"Nguyễn Trung Hiếu","794980864026632","",""
"Quỷ Vương","365175013908945","",""
"Đức Linh","542295812787866","","duclinh1010@gmail.com:1.000000"
"Venus Xayha","2006327266306252","",""
"Nguyễn Tùng","359683717816959","",""
"Đông Mao Trạch","1954186401464943","","dongnengiau2015@gmail.com:0.500000"
"Thành Thần Thánh","1713739015309562","",""
"Thang Nguyen","651114531762462","","vinhyenbang@gmail.com:1.000000"
"An Tịnh Tâm","134168190690273","",""
"Giàng A Hải","1975229722715655","",""
"Sơn Tùng","1140817982715632","",""
"Huỳnh Minh Toàn","1344863138956542","",""
"Hành Kẻ Lữ","914402652043737","",""
"Anh Son A Son","301619733673193","","dinhkhanh180489@gmail.com:1.000000"
"Võ Tín","516344675405267","","votin4971@gmail.com:1.000000"
"Thoại Liverpool","892952044196983","","thoaith36@gmail.com:1.000000"
"Hoàng Tử Mưa","738687086328653","01693636686:1.000000","luanhp01693636686@gmail.com:1.000000"
"Nguyễn Ha","338793539921606","",""
"Ngox Phong Các","347599922372603","","truonghip63@gmail.com:1.000000"
"Dương Hoài Thanh","303984270093849","",""
"Nguyễn Trường","1946883692241218","",""
"Minsk Chở Lợn","681233362047884","0977478523:0.200000, 0978877323:0.800000",""
"Huynh Kevin","477949345916193","",""
"Nghi Nguyễn","183733379039479","",""
"Phuc Le","495392074193242","",""
"Mạnh Lưu Đức","123729034807968","",""
"Leo Quan","981405935323700","",""
"Dat Nguyen","509580022756218","","chuoicarung1987@gmail.com:1.000000"
"Happy Nguyen","1966857060221879","",""
"Nguyễn Huy","2004285763125171","","mrtienhuy1995@gmail.com:1.000000"
"Casa Real","2005565919690010","","kiss_love_23@yahoo.com:1.000000"
"Hùng Nguyễn","110431463080238","","phulangno1@gmail.com:0.500000"
"LC Thành","878444012336686","","lcthanh2295@gmail.com:1.000000"
"Vũ Hiền","1627002824012935","",""
"Duc Hieu Nguyen","321024158300942","",""
"Phạm Hữu Thành","963059363852144","","nhocanchoi1997@gmail.com:1.000000"
"Manda La","826135414235799","","daicamt4@gmail.com:0.666667, daicamt5@gmail.com:0.083333"
"Azir","772777089599938","","letrungthien1996@gmail.com:1.000000"
"Hào Quang","1166720370128056","","kemvada1992@gmail.com:1.000000"
"Phong Vân","877676759057169","","zphongvani@gmail.com:1.000000"
"Vô Thường","550337685318747","","ductunglc96@gmail.com:0.333333, danbachphong1602@gmail.com:0.666667"
"Nguyễn Thị Thảo Nguyên","163105317530010","",""
"","1128447610623347","",""
"Nguyễn Ngẵng","1893748064224104","",""
"Minh Khai Nguyen","1917895771823457","",""
"Phạm Tuân","1121395147997314","","tuanden06031990@gmail.com:1.000000"
"An Bao","789670547898494","","cuonguq.avg@gmail.com:1.000000"
"Lê Phạm","1076843459128150","",""
"Hai Dang","2028112600547073","","danghai061@yahoo.com:1.000000"
"Nguyễn Thái Vy","927504730738748","",""
"Tùng Răng Thưa","692037294335350","",""
"Phạm Quang Huy","550796498596775","",""
"Hoàng Văn Thuận","885923094899706","","chojsehan@gmail.com:0.500000"
"Nguyen Phi Bang","2046804678872850","","nguyenphibang13121982@gmail.com:1.000000"
"Tâm Nguyễn","1501672883263037","",""
"Hoàng Tử Ếch","935948126558411","",""
"Hoàng Quyết","520008085021785","01292833741:1.000000","hoangquangquyet82@gmail.com:1.000000"
"Thành Bùi","1785607415093134","",""
"Lại Là Linh","1349672748476002","","trannlinh25@gmail.com:1.000000"
"Xưa Nguyễn","711622669034749","0908792100:1.000000",""
"Thanh Trí","1005810716220567","",""
"Endy Hoàng","1956427181293634","01699188269:1.000000",""
"Công Hậu","147867232516739","",""
"Lê Phạm","1382059805273179","","plthanh1983@gmail.com:0.500000"
"Quyền Riêng Tư","369846163437642","",""
"Kim Thể Nguyễn","507524536261284","",""
"Tiếnn Đạt","129961491132764","",""
"Thu Kim Vo","1994404590800255","","kimthu8777@gmail.com:1.000000"
